{"inputUnits":[3],"outputUnits":5,"inputs":{"0":{"dtype":"number","min":0.19125139713287354,"max":0.5157980918884277},"1":{"dtype":"number","min":0.44104352593421936,"max":1.0668329000473022},"2":{"dtype":"number","min":-4.816570253751706e-7,"max":0.0000010591677437332692}},"outputs":{"label":{"dtype":"string","min":0,"max":1,"uniqueValues":["Bedankt","A","Goedemorgen","Leuk","H"],"legend":{"Bedankt":[1,0,0,0,0],"A":[0,1,0,0,0],"Goedemorgen":[0,0,1,0,0],"Leuk":[0,0,0,1,0],"H":[0,0,0,0,1]}}},"isNormalized":true}